Unnamed: 0,ID,subject,phenomenon,sub_subject,Correct sentence,Wrong sentence,Label,URL,Generated,cor score,wrong score,difference,GPT_diff,Llama2_diff,Llama2_chat_diff,GEITje_diff,GEITje_chat_diff,GEITje_DPO_diff,RobBERT_diff,RobBERT_large_diff,XLMRoberta_diff,BERTje_diff,GPT_GroNLP_diff,GEITje_sft_diff
0,1,naamwoordelijke_constituent,"1. Definite, Indefinite, Categorical and Generic Noun Constituents",Bepaalde en onbepaalde naamwoordelijke constituenten,De maan schijnt.,Er schijnt een maan.,uitgesloten,https://e-ans.ivdnt.org/topics/pid/ans140301lingtopic,ANS,6.25,5.25,1.0,1.55412426590919,0.0848653453285806,0.720487524356161,0.189025654224679,0.222736948361022,0.0562756567129066,0.350756122952415,-3.78392767054694,-1.03056040918475,-0.934645532674732,-0.166339198748271,0.0842605036700013
1,1,naamwoordelijke_constituent,"1. Definite, Indefinite, Categorical and Generic Noun Constituents",Bepaalde en onbepaalde naamwoordelijke constituenten,De zon schijnt.,Er schijnt een zon.,,,Manual,6.95,5.0,1.95,2.12307185928027,0.678669895847893,0.592758638518197,0.733299557934515,0.352972255637204,0.604520934114199,0.665534677959624,-2.50098327228001,-0.296273476933392,-0.672803395477656,1.04782785971959,0.563783791252977
2,1,naamwoordelijke_constituent,"1. Definite, Indefinite, Categorical and Generic Noun Constituents",Bepaalde en onbepaalde naamwoordelijke constituenten,De aarde is bol.,Een aarde is bol.,,,Manual,5.0875,2.875,2.2125000000000004,2.02398493885994,2.14726636807124,1.42157898346583,1.09594074601219,0.589570127782368,0.708702072501183,0.818579265049525,1.51530402047294,0.030689000399434,3.14692873055381,1.35440298914909,0.675573683920361
3,1,naamwoordelijke_constituent,"1. Definite, Indefinite, Categorical and Generic Noun Constituents",Bepaalde en onbepaalde naamwoordelijke constituenten,De sahara is erg heet.,Een sahara is erg heet.,,,Manual,6.25,2.6,3.65,0.333192804030009,1.09038552222773,-0.0492469542659819,0.0725881764665246,0.307492046984209,-0.068666359570555,0.468386936187743,0.648764944076538,-0.283189614405273,0.035371508449316,0.289186034883771,-0.0423494290962649
4,1,naamwoordelijke_constituent,"1. Definite, Indefinite, Categorical and Generic Noun Constituents",Bepaalde en onbepaalde naamwoordelijke constituenten,De Eiffeltoren staat in Parijs.,Er staat een Eiffeltoren in Parijs.,,,Chat-GPT,6.875,2.8,4.075,0.985183310508728,0.895296127835702,0.867268105986031,0.688373378747863,0.529576086146831,0.461678118513549,0.435603141784668,0.975477790708696,0.277710558650804,0.879568269534503,0.170672216569073,0.455743079296636
5,1,naamwoordelijke_constituent,"1. Definite, Indefinite, Categorical and Generic Noun Constituents",Bepaalde en onbepaalde naamwoordelijke constituenten,De Mona Lisa hangt in het Louvre.,Er hangt een Mona Lisa in het Louvre,,,Chat-GPT,6.625,2.5,4.125,0.1227011308074,0.513082757592201,0.657978518696671,0.801733574491333,1.16474942434103,0.772300535447853,0.617455005645752,-3.41673215382021,-0.768083545168338,0.70309352207696,0.367694988314594,0.856013463958251
6,2,naamwoordelijke_constituent,2. Nominalizations,Nominalisaties behorend tot type 1,De terechtstelling van de misdadiger (was afschrikwekkend.),De misdadiger terechtstelling (was afschrikwekkend.),uitgesloten,https://e-ans.ivdnt.org/topics/pid/ans140802lingtopic,ANS,5.475,2.0,3.475,2.99035605788231,0.317914894823399,0.760502019410746,0.706833342272895,1.26263372296085,0.847569021241789,0.266607690468811,1.26010474958619,1.4239642142118,2.86694789061753,1.87359110694379,0.893002008360822
7,2,naamwoordelijke_constituent,2. Nominalizations,Nominalisaties behorend tot type 1,De schenking van kadobonnen aan de jarige (was een goed idee.),De jarige schenking van kadobonnen (was een goed idee.),uitgesloten,https://e-ans.ivdnt.org/topics/pid/ans140802lingtopic,ANS,4.8875,1.75,3.1375,0.605791584056403,0.0914604982214149,0.712895343652028,0.346159803844586,0.535061792837273,0.383691358571973,-0.14764959671918,0.847417688454684,0.552558004212026,1.17413861635658,0.623012464595776,0.386839426237963
8,2,naamwoordelijke_constituent,2. Nominalizations,Nominalisaties behorend tot type 1,De verstrekking van kortingsbonnen in een supermarkt (werd gewaardeerd.),De in een supermarkt verstrekking van kortingsbonnen (werd gewaardeerd.),uitgesloten,https://e-ans.ivdnt.org/topics/pid/ans140802lingtopic,ANS,4.725,3.375,1.3499999999999996,0.769581349179913,0.414002473000437,0.523239177024073,0.158841418975499,0.206681131465908,0.0053926756881992,0.0162046296255927,0.585942375931154,0.691547504456883,0.900428183486357,0.463382866765771,0.0957139354122774
9,2,naamwoordelijke_constituent,2. Nominalizations,Nominalisaties behorend tot type 2,Het pannenkoeken bakken (is voor Anneke niet moeilijk.),Het een pannenkoek bakken (is voor Anneke niet moeilijk.),uitgesloten,https://e-ans.ivdnt.org/topics/pid/ans140803lingtopic,ANS,4.75,1.2,3.55,-0.161519204245673,0.169930938315137,0.16984489934617,0.185020265305814,0.0318183768099907,0.193507915994615,0.298944785044743,-0.425112589042898,0.504850438690221,1.25680756221215,-0.394633759001288,0.193945313983186
10,2,naamwoordelijke_constituent,2. Nominalizations,Nominalisaties behorend tot type 2,Het bakken van pannenkoeken (is voor Anneke niet moeilijk.),Het van pannenkoeken bakken (is voor Anneke niet moeilijk.),uitgesloten,https://e-ans.ivdnt.org/topics/pid/ans140803lingtopic,ANS,5.8125,1.3,4.5125,1.38782439165645,0.688137556579252,0.444022607519047,0.588660329800942,0.461102094999418,0.577255163437873,-0.0974911970969963,1.67851258332819,0.481835940444642,0.56388202531889,0.964197671413421,0.604697924596258
11,2,naamwoordelijke_constituent,2. Nominalizations,Nominalisaties behorend tot type 2,Het voor grootmoeder thee inschenken (is een hele opgave.),Het grootmoeder inschenken van thee (is een hele opgave.),uitgesloten,https://e-ans.ivdnt.org/topics/pid/ans140803lingtopic,ANS,2.8125,1.5,1.3125,0.199968433380127,-0.0098623685900953,-0.281912901826823,0.0541250054258851,-0.0297311792906845,-0.032305977701617,-0.133064201899938,-0.410637028609926,0.261995121420018,-0.613271444104612,0.408946280678114,-0.0580799692310392
12,1,naamwoordelijke_constituent,"1. Definite, Indefinite, Categorical and Generic Noun Constituents",Bepaalde en onbepaalde naamwoordelijke constituenten,De Toren van Pisa helt over.,Er helt een Toren van Pisa over.,,,Chat-GPT,5.9375,2.5,3.4375,0.306677697226405,0.500030606172301,1.84950495457107,0.165891523269767,-0.0467672561379997,0.735384371656585,-0.0478888063719776,-0.319487237893609,0.252810512975239,0.0765070237326793,0.138640759719743,0.861350778388706
13,1,naamwoordelijke_constituent,"1. Definite, Indefinite, Categorical and Generic Noun Constituents",Bepaalde en onbepaalde naamwoordelijke constituenten,De Taj Mahal staat in India.,Er staat een Taj Mahal in India.,,,Chat-GPT,6.675,3.375,3.3,0.110853660563913,0.237729943709241,0.0894633891888796,0.401000128613992,-0.26990966248478,0.120165199326584,0.116364616336243,-0.597764194408558,-0.262071560165431,0.0014118278984716,-0.249325984054142,0.222982203501225
14,1,naamwoordelijke_constituent,"1. Definite, Indefinite, Categorical and Generic Noun Constituents",Bepaalde en onbepaalde naamwoordelijke constituenten,Het continent van Europa is klein.,Een continent van Europa is klein.,,,Manual,3.5,2.0,1.5,0.819670677185059,1.13643632616316,1.22345541204725,0.460548505187035,0.0127489227387638,0.0667308295766516,0.449171913994684,1.87676685386234,1.78900258897435,2.0105589899338,0.820053378740946,0.101662322878838
15,2,naamwoordelijke_constituent,2. Nominalizations,Nominalisaties behorend tot type 3,Mosselen eten (is in de mode.),Van mosselen eten (is in de mode.),uitgesloten,https://e-ans.ivdnt.org/topics/pid/ans140804lingtopic,ANS,5.075,,,0.460365056991577,0.356862638710123,0.580027209989952,0.225357791070234,0.576859078581699,0.451412886352927,-0.0649228493372593,0.588102379385548,-1.63101554072211,-1.3308159209167,-0.0465206305185948,0.421184201922381
16,2,naamwoordelijke_constituent,2. Nominalizations,Nominalisaties behorend tot type 3,Cognac aanbieden aan tante Fien (vindt pa doodzonde.),Cognac aanbieden tante Fien (vindt pa doodzonde.),uitgesloten,https://e-ans.ivdnt.org/topics/pid/ans140804lingtopic,ANS,5.1625,1.125,4.0375,1.33510519266128,0.277131169308702,0.0574457611227448,0.475383860283044,0.463137086382179,0.292898234190597,-0.0005410173360047,0.983904064950712,1.89973550794811,1.64854450606638,0.756721836525005,0.297471099076349
17,2,naamwoordelijke_constituent,2. Nominalizations,Nominalisaties behorend tot type 3,Een nieuwe broek kopen voor Eric (is altijd leuk.),Een nieuwe broek kopen Eric (is altijd leuk.),uitgesloten,https://e-ans.ivdnt.org/topics/pid/ans140804lingtopic,ANS,5.3625,1.75,3.6125,0.895788590113322,0.791331948467719,0.501522172796485,0.118316439299972,0.161100485213586,0.19425717874722,0.17603607666798,0.998149610360132,1.13597795757343,1.24801225833349,0.819290648566352,0.243435617908046
18,3,advectivische_constituent,3. The Construction of the Adjective Constituent,De bouw van de adjectivische constituent,Een zeer hard gesteente.,Een zeer gesteente.,uitgesloten,https://e-ans.ivdnt.org/topics/pid/ans1502lingtopic,Manual/ANS,5.965909091,2.3,3.665909091000001,2.78843708833059,0.772600434720516,0.0266549621841738,0.250870718620718,-0.0208473927341402,0.839687150385645,-0.123894095420837,3.12985591164657,-0.0880074454487039,3.13420707115992,3.04114202658335,0.674126050331526
19,3,advectivische_constituent,3. The Construction of the Adjective Constituent,De bouw van de adjectivische constituent,Laura is heel getalenteerd.,Laura is heel.,,,Chat-GPT,6.846590909,2.0,4.846590909,0.509829024473826,2.30821973214754,1.75531195269691,1.97362782705782,2.84010046254876,2.48434183360013,0.886078095436096,0.351569959521294,3.22630703689841,3.49733932399088,1.45386897217638,2.44196120501793
20,3,advectivische_constituent,3. The Construction of the Adjective Constituent,De bouw van de adjectivische constituent,Hij is niet bepaald tuk op vergaderen.,Hij is niet bepaald tuk.,uitgesloten,https://e-ans.ivdnt.org/topics/pid/ans1502lingtopic,Manual/ANS,4.931818182000001,,,1.19829549392064,-0.0627141073085631,-0.330120337228259,0.53378302027427,0.985676811012949,0.552873382500062,0.27429835964935,2.19809638162454,-1.17606709065347,1.43264376322667,-0.415410588184993,0.508855393067712
21,3,advectivische_constituent,3. The Construction of the Adjective Constituent,De bouw van de adjectivische constituent,De boom is erg hoog.,Erg is de boom hoog.,uitgesloten,https://e-ans.ivdnt.org/topics/pid/ans1502lingtopic,Manual/ANS,5.7363636365,1.5,4.2363636365,1.3381763458252,0.467395437615258,0.6388340230499,1.62626219645608,1.69476827853214,2.02319135080324,-0.248824596405029,-0.67612928400437,1.76087201338468,3.09687156090513,1.21618809700012,1.94060405582422
22,3,advectivische_constituent,3. The Construction of the Adjective Constituent,De bouw van de adjectivische constituent,Wim is nogal eigenwijs.,Wim is nogal.,,,Manual,6.509090909,2.375,4.134090909,1.51011041800181,1.61835679494672,0.679808381530973,1.73408839494611,2.41473179412464,2.11653332319111,0.0313157354082385,2.01785084605217,2.21985875148814,4.06249902653508,1.28601100444794,2.05485484417942
23,3,advectivische_constituent,3. The Construction of the Adjective Constituent,De bouw van de adjectivische constituent,Nienke is zeer aantrekkelijk.,Nienke is zeer.,,,Manual,6.4272727275,2.375,4.0522727275,1.0207667350769,1.84109660339432,2.42579383726215,1.85827519035818,2.32057231473265,2.07879668208722,0.478399329715305,1.1826500693957,1.80126129861388,2.13151886231369,0.742501389980316,2.01096661784392
24,4,advectivische_constituent,4. Degree-Indicating or Reinforcing (Pre)Determinations,Graadaanduidende of versterkende (voor)bepalingen,De koffie is warm genoeg.,Warm genoege koffie.,uitgesloten,https://e-ans.ivdnt.org/topics/pid/ans15030101lingtopic,ANS,6.6477272725,2.8,3.8477272725,2.22236523628235,1.91640790361077,1.8958382847098,1.70760670479051,2.15790734382604,2.33830363161881,-0.603320254219902,-0.458996234668625,2.36035873148012,3.54242646334959,2.88551265398661,2.27629730872545
25,4,advectivische_constituent,4. Degree-Indicating or Reinforcing (Pre)Determinations,Graadaanduidende of versterkende (voor)bepalingen,Dat klusje is makkelijk zat.,Een makkelijk zat klusje.,uitgesloten,https://e-ans.ivdnt.org/topics/pid/ans15030101lingtopic,Manual/ANS,5.3977272725,3.8,1.5977272725000002,1.64428980350494,-0.245676213865066,-1.03072262696094,0.433515524452863,0.653393348589209,0.441769545781426,0.693367855889457,4.83572380883353,0.671948021075069,0.475950416112836,1.45633790890376,0.427027960288494
26,4,advectivische_constituent,4. Degree-Indicating or Reinforcing (Pre)Determinations,Graadaanduidende of versterkende (voor)bepalingen,Ik vind het een heel handig apparaat,Ik vind het een hele handig apparaat.,uitgesloten,https://e-ans.ivdnt.org/topics/pid/ans15030101lingtopic,Manual/ANS,6.9545454545,2.7,4.2545454545,0.709189982641311,0.190201709215506,0.0152501215029939,0.347343749084617,0.61446673892519,0.440147862138334,-0.484808360205758,3.27035460636641,0.362539666094711,-0.5439777540043,0.875270517099471,0.415062778613531
27,4,advectivische_constituent,4. Degree-Indicating or Reinforcing (Pre)Determinations,Graadaanduidende of versterkende (voor)bepalingen,Die flats zijn geweldig hoog.,Die flats zijn geweldige hoog.,uitgesloten,https://e-ans.ivdnt.org/topics/pid/ans15030101lingtopic,Manual/ANS,4.731818182,1.625,3.106818182,1.68930487632751,0.541646459657285,0.77149154080285,0.703140454739332,0.986035445472226,1.29815851561725,-0.401554849412706,1.17836796045303,0.808752920934543,1.46282537219425,1.66852502822876,1.21589639373124
28,4,advectivische_constituent,4. Degree-Indicating or Reinforcing (Pre)Determinations,Graadaanduidende of versterkende (voor)bepalingen,Mijn vrienden zijn geweldig mooi.,Mijn vrienden zijn geweldige mooi.,,,Manual,4.340909091,2.5,1.8409090910000003,1.60486521720886,0.60747758547465,0.937579705069463,0.81291756775075,1.1383969988868,0.956563419041534,-0.466165781021118,0.883880792392624,2.4475331007834,1.88492116890848,1.0154833316803,0.915080740116537
29,4,advectivische_constituent,4. Degree-Indicating or Reinforcing (Pre)Determinations,Graadaanduidende of versterkende (voor)bepalingen,De studenten zijn geweldig slim.,De studenten zijn geweldige slim.,,,Manual,5.081818182,2.25,2.831818182,2.17916865348816,1.19025249611586,0.995554007589817,0.882604575819439,1.17514879773888,1.11013057165676,-0.51518702507019,0.720236405730247,1.44810463120302,1.85429322253913,1.87296576499939,1.03700037300587
30,3,advectivische_constituent,3. The Construction of the Adjective Constituent,De bouw van de adjectivische constituent,Hij is niet dol op online les.,Hij is niet dol.,,,Manual,5.5375,2.272727273,3.2647727269999995,0.0166064756257196,0.088539469987154,0.49370476603508,0.914420717395842,1.45993018629961,1.16911612399854,0.411778054918562,2.61322873615956,-0.5472185181142,0.736882170303059,-0.608607204897063,1.10456696413457
31,3,advectivische_constituent,3. The Construction of the Adjective Constituent,De bouw van de adjectivische constituent,De reis is heel lang.,Heel is de reis lang.,,,Manual,6.2125,1.454545455,4.7579545450000005,1.04342091083527,0.796874538064003,0.423601925373077,1.02646017074585,0.60988349840045,0.917718712240458,-0.52557384967804,-0.404533570011457,3.215021789405,1.42100108636077,0.587406015396118,0.96493362262845
32,3,advectivische_constituent,3. The Construction of the Adjective Constituent,De bouw van de adjectivische constituent,De bank is een beetje zacht.,Een beetje is de bank zacht.,,,Manual,6.2,1.454545455,4.745454545,1.77039909362793,1.03218495254405,0.702220233250409,0.269539474132894,-0.143402566104156,0.256693826489605,0.0172513855828171,2.60043034060962,0.959654939631582,0.817050781417897,1.47870584328969,0.206277319467732
33,4,advectivische_constituent,4. Degree-Indicating or Reinforcing (Pre)Determinations,Graadaanduidende of versterkende (voor)bepalingen,De examens zijn makkelijk zat.,Een makkelijk zat examen.,,,Manual,4.9,3.363636364,1.5363636360000004,1.46261452436447,0.2173652364355,0.272818819361015,0.0628736500882292,0.661368890501432,0.27592233822427,0.807060326848712,3.18007991143635,1.61755252149121,4.35396990423933,1.68609253168106,0.303368918851695
34,4,advectivische_constituent,4. Degree-Indicating or Reinforcing (Pre)Determinations,Graadaanduidende of versterkende (voor)bepalingen,Binnekort krijgen we een nieuwe en heel handig systeem.,Binnekort krijgen we een nieuw en heel handige systeem.,,,Manual,2.275,2.636363636,-0.3613636360000001,0.186381925236095,-0.0347275831120508,-0.0709155346819212,0.343859491119848,0.248960283109351,0.131482082554354,-0.0417209352765759,-0.643548063933849,-0.269104972295463,-0.717689320258796,0.244773169358571,0.132899173875921
35,4,advectivische_constituent,4. Degree-Indicating or Reinforcing (Pre)Determinations,Graadaanduidende of versterkende (voor)bepalingen,Zijn ego is voldoende groot.,Zijn ego is groot voldoende.,,,Manual,3.325,1.545454545,1.7795454550000005,0.52173376083374,0.348571696911346,0.166514467701993,0.322073551625098,0.483123715784711,0.582448421331884,0.140983104705811,-0.899546715948317,0.668203303741393,0.898421459132805,-0.0280641078948971,0.553410233712798
36,5,advectivische_constituent,5. Subordinate Clauses,Bijzinnen,(We zijn niet) geneigd (om) dit zomaar voorbij te laten gaan.,(We zijn niet) geneigd dat we dit zomaar voorbij zouden laten gaan.,uitgesloten,https://e-ans.ivdnt.org/topics/pid/ans150403lingtopic,ANS,5.0375,2.538461538,2.499038462,0.567843390114251,0.262052594808583,0.37491101422281,0.213454458141643,0.223622458068494,0.36727899464069,0.309149798224954,0.548822030989669,0.434293550838361,0.588352464007067,0.14858257444132,0.333018667534756
37,5,advectivische_constituent,5. Subordinate Clauses,Bijzinnen,(Jan is altijd) bereid (om) te helpen.,(Jan is altijd) bereid dat hij zou helpen.,uitgesloten,https://e-ans.ivdnt.org/topics/pid/ans150403lingtopic,ANS,6.5625,1.153846154,5.408653846,0.962659414248034,0.956907372488335,1.1315389339185,1.10859505459666,1.25059947002058,1.33079807830315,0.652065575777829,1.67419229665653,1.4501962272824,1.16300068741951,0.43276477727023,1.19195176255113
38,5,advectivische_constituent,5. Subordinate Clauses,Bijzinnen,(We zijn niet) bereid (om) te luisteren.,(We zijn niet) bereid dat we zouden luisteren.,,,Manual,6.175,1.461538462,4.713461538,1.27891239794818,0.707776898052543,0.622823630024989,0.837754965169976,0.809020556190565,0.836885105476055,0.440827432569568,1.48210583075744,0.559932883900114,0.998456662616713,0.479535736820915,0.768670129929281
39,5,advectivische_constituent,5. Subordinate Clauses,Bijzinnen,(Ze zijn niet) geneigd (om) te vechten.,(Ze zijn niet) geneigd dat ze zouden vechten.,,,Manual,4.831730769,1.8,3.031730769,1.09632729075172,0.692837254687523,0.591622456163169,0.661419640481472,0.452903091643627,0.794192347295272,0.398041945237379,1.25683693001546,0.433596972879433,1.00897977159584,0.517046760429036,0.677939891559072
40,5,advectivische_constituent,5. Subordinate Clauses,Bijzinnen,(We zijn niet) in staat (om) te begrijpen.,(We zijn niet) in staat dat we zouden begrijpen.,,,Manual,2.8221153845,1.4,1.4221153845,0.976348117445455,0.851694025464045,1.03443607423299,0.763235902728047,0.604307309602155,0.685551546958595,0.241020897456579,1.11120826010457,0.639864587549164,1.56439077645052,0.593237469593684,0.59749905623903
41,5,advectivische_constituent,5. Subordinate Clauses,Bijzinnen,(Peter is altijd) van plan (om) te slagen.,(Peter is altijd) van plan dat hij zou slagen.,,,Manual,4.5625,1.3,3.2625,0.472226199778643,0.453130117369749,0.59735131157296,0.621453773230314,0.791236521588871,0.360147469677031,0.47754781359718,0.652618649548065,0.670479533077196,0.625184560365354,0.0668897935838411,0.369330757297575
42,6,adpositie_constituent,6. Pronominal Adverbs,Voornaamwoordelijke bijwoorden,Je moet tenslotte ergens in geloven.,Ergens in moet je tenslotte geloven.,uitgesloten,https://e-ans.ivdnt.org/topics/pid/topic-15741673051642495,Manual/ANS,6.7375,1.230769231,5.506730769,1.93822334210078,0.621990528947814,0.594070726927991,1.20064792125534,1.25875127381588,1.84447845656541,0.112567085689967,-0.207113893826802,0.461136812969926,1.47422275422141,0.821534469014122,1.76673029615025
43,6,adpositie_constituent,6. Pronominal Adverbs,Voornaamwoordelijke bijwoorden,Nergens wordt echt diep op ingegaan.,Nergens op wordt echt diep ingegaan.,uitgesloten,https://e-ans.ivdnt.org/topics/pid/topic-15741673051642495,Manual/ANS,5.45,1.384615385,4.065384615,0.785819202661514,0.570407826953249,0.271318480327653,0.485962476894761,0.522527804222661,0.548599323497001,0.193529475818981,-0.16766899282282,0.410742334124568,0.0027284041512754,0.0712213069200516,0.532654350572277
44,6,adpositie_constituent,6. Pronominal Adverbs,Voornaamwoordelijke bijwoorden,Hij heeft overal een mening over.,Overal over heeft hij een mening.,uitgesloten,https://e-ans.ivdnt.org/topics/pid/topic-15741673051642495,Manual/ANS,6.875,1.384615385,5.490384615,1.80922794217865,1.03694091240565,1.37376813756095,0.426042183612783,1.34563157157714,0.682684920443636,-0.251725811428493,2.58536438755691,0.851385001586297,1.08188124554646,1.13874073113714,0.645977018426897
45,6,adpositie_constituent,6. Pronominal Adverbs,Vijf typen voornaamwoordelijke bijwoorden,Eigenlijk lijkt het voorwerp op niets dat ik eerder heb gezien.,Eigenlijk lijkt het voorwerp nergens op dat ik eerder heb gezien.,uitgesloten,https://e-ans.ivdnt.org/topics/pid/topic-16000874747697907,ANS,4.985576923,2.2,2.785576923,-0.251537115736441,-0.0587199038746933,0.0687475556346944,0.273133300202629,0.58344369531943,0.231932929860296,-0.121366432734897,-0.0105668171308935,0.0312668439728441,-0.143012863450817,-0.004393629052422,0.210301441731618
46,6,adpositie_constituent,6. Pronominal Adverbs,Vijf typen voornaamwoordelijke bijwoorden,Ik steun haar in alles wat ze doet.,Ik steun haar overal in wat ze doet.,uitgesloten,https://e-ans.ivdnt.org/topics/pid/topic-16000874747697907,ANS,6.5576923075,3.4,3.1576923075,1.31061213463545,0.531096467867684,0.662493502243588,0.644368559435511,0.588133111625211,0.995294159423793,0.168844223022461,0.832528836178508,1.01451794606295,0.824864933500066,1.22226542979479,0.968852570369983
47,6,adpositie_constituent,6. Pronominal Adverbs,Opeenvolgend of los van elkaar?,Verftekeningen lagen op stapels gekwakt ... Nergens stond een titel of datum op.,Verftekeningen lagen op stapels gekwakt. Nergens op stond een titel of datum.,uitgesloten,https://e-ans.ivdnt.org/topics/pid/topic-15741603637922556,ANS,4.985576923,1.8,3.185576923,-0.449042925611138,-0.19848994417461,0.0152230510160463,-0.0953216083925565,-0.105821528751187,-0.0430708576567231,-0.0646792366391136,2.30304204041908,-0.525940604386447,0.206090542270395,-0.579063579440117,-0.0621872216816644
48,5,advectivische_constituent,5. Subordinate Clauses,Bijzinnen,(Piet is niet) bereid (om) te stoppen met roken.,(Piet is niet) bereid dat hij zou stoppen met roken.,,,Manual,6.619230769,1.75,4.869230769,0.365199976624586,0.666812837148219,0.613248558422806,0.599468568391684,0.851023760152101,0.546372248962547,0.254998690941754,0.535284970798077,0.812254346562458,1.01495219945064,0.264779602105801,0.480090336343791
49,5,advectivische_constituent,5. Subordinate Clauses,Bijzinnen,(Hij is niet) gewend (om) aan de kant gezet te worden.,(Hij is niet) gewend dat hij aan de kant te worden gezet.,,,Manual,6.2615384615,1.5,4.7615384615,0.166584150280271,0.147346560862895,0.0539539393919863,0.403486189907907,0.917453205073252,0.737101269957585,0.100043486925513,0.847236432784443,0.803162072695947,1.0039386535771,-0.521798576343627,0.699923953610031
50,5,advectivische_constituent,5. Subordinate Clauses,Bijzinnen,(Hij is niet) van plan (om) te helpen.,(Hij is niet) van plan dat hij zou helpen.,,,Manual,6.476923077,1.5,4.976923077,0.596202257907752,0.737003079307864,0.619898435776919,0.80364471313854,0.977666264456154,0.967475219140761,0.512829108465287,1.0032318413891,0.60649409145323,0.786688677496499,0.0590048188512977,0.89105848869464
51,6,adpositie_constituent,6. Pronominal Adverbs,Op de eerste zinsplaats,Door de tranen kon ik niet meer lezen. Overal kwam snot uit.,Overal uit kwam snot.,uitgesloten,https://e-ans.ivdnt.org/topics/pid/topic-15936793453283360,ANS,4.8846153845,1.5,3.3846153845,3.06107570116337,3.35621680577699,3.55863978310411,2.23250560667366,3.04896072037518,2.0686551627703,0.378069313523037,5.61650490195923,2.20330365336628,5.49736510434221,2.77581359881621,1.98540121417027
52,6,adpositie_constituent,6. Pronominal Adverbs,Op de eerste zinsplaats,Waar ga je naartoe?,Waarnaartoe ga je?,uitgesloten,https://e-ans.ivdnt.org/topics/pid/topic-15936793453283360,ANS,6.219230769,2.5,3.719230769,1.99918074905872,1.32244527982402,2.01485861837864,1.21144273376974,1.4139908916959,3.53706184636592,-0.687094790594918,0.765467256307602,3.36856356358304,0.832985280048368,1.61045999452472,3.45894549127856
53,7,werkwoordelijke_constituent,7. Group-Forming and Non-Group-Forming Uses of Verbs,Groepsvormend en niet-groepsvormend gebruik van werkwoorden,Hij zei dat hij de kraanvogels graag wilde fotograferen.,Hij zei dat hij de kraanvogels wilde graag fotograferen.,uitgesloten,https://e-ans.ivdnt.org/topics/pid/ans18050102lingtopic,ANS,5.931818182000001,1.888888889,4.042929293,1.15696138143539,0.340371543488887,0.180186543654902,0.553760082025705,0.258283613034605,0.541918670355451,-0.129105421213003,0.703333216553022,0.267932393649757,2.43573377686194,0.453203386068344,0.565705049505182
54,7,werkwoordelijke_constituent,7. Group-Forming and Non-Group-Forming Uses of Verbs,Groepsvormend en niet-groepsvormend gebruik van werkwoorden,Ze was dat boek gaan lezen omdat ze gehoopt had er iets uit te leren.,Ze was dat boek gaan lezen omdat ze er iets uit had hopen te leren.,uitgesloten,https://e-ans.ivdnt.org/topics/pid/ans18050102lingtopic,ANS,4.715909091,3.0,1.7159090910000003,0.414692745606104,0.50415089500726,0.511788111128397,0.420170991492438,0.516395217534749,0.457132864803171,-0.0086140102810325,0.500256687206657,0.381877750044039,0.418064512014907,0.389302307367325,0.45122525339569
55,7,werkwoordelijke_constituent,7. Group-Forming and Non-Group-Forming Uses of Verbs,Groepsvormend en niet-groepsvormend gebruik van werkwoorden,Ik had gehoopt dat Dick dat artikel intussen aan de redactie had geprobeerd door te sturen.,Ik had gehoopt dat Dick dat artikel intussen had geprobeerd aan de redactie door te sturen.,uitgesloten,https://e-ans.ivdnt.org/topics/pid/ans18050102lingtopic,ANS,4.9204545455,4.0,0.9204545455000002,-0.0613521957420744,-0.0871756787299613,-0.0670530348683571,0.161891342212374,0.282154001840476,0.20785313527561,-0.0196688802618734,-0.272561578649881,0.0149638003410169,-0.125329217265244,0.0964841842651367,0.188115546413778
56,7,werkwoordelijke_constituent,7. Group-Forming and Non-Group-Forming Uses of Verbs,Groepsvormend en niet-groepsvormend gebruik van werkwoorden,Ik had gehoopt dat Dick dat artikel intussen aan de redactie had proberen door te sturen.,Ik had gehoopt dat Dick dat artikel intussen had proberen aan de redactie door te sturen.,uitgesloten,https://e-ans.ivdnt.org/topics/pid/ans18050102lingtopic,ANS,4.361111111,2.181818182,2.1792929289999994,0.30604263744317,-0.0357432813573353,0.0217175583087803,0.266110078722704,0.319068270825762,0.38702537854848,-0.0769100691142839,-0.260361452807525,0.103611999979793,0.257418735240935,0.173094714060426,0.357827366551366
57,7,werkwoordelijke_constituent,7. Group-Forming and Non-Group-Forming Uses of Verbs,Groepsvormend en niet-groepsvormend gebruik van werkwoorden,Ik zag hoe Bregje de bal door de opening probeerde te krijgen,Ik zag hoe Bregje de bal probeerde door de opening te krijgen.,uitgesloten,https://e-ans.ivdnt.org/topics/pid/ans18050102lingtopic,ANS,5.958333333500001,4.909090909,1.049242424500001,0.0709683292924046,0.0697739896575165,-0.10266692768533,0.092705994048516,0.0198470158047366,0.0928683281343963,-0.226075154893538,0.745063667627405,-0.321281941129735,-0.576236800128005,-0.206248052827604,0.0624137822843513
58,7,werkwoordelijke_constituent,7. Group-Forming and Non-Group-Forming Uses of Verbs,Groepsvormend en niet-groepsvormend gebruik van werkwoorden,Ze zeggen dat hij toen pas merkte een fout gemaakt te hebben.,Ze zeggen dat hij toen pas een fout gemaakt merkte te hebben.,uitgesloten,https://e-ans.ivdnt.org/topics/pid/ans18050102lingtopic,ANS,3.965277778,2.090909091,1.874368687,0.87125133893763,0.466064612479194,0.541783904999886,0.62146566528827,0.604928944918876,0.797136678891028,0.0844881057739251,0.554897849448025,0.500543768641364,0.791874170219914,0.407752275466919,0.770661671441347
59,8,werkwoordelijke_constituent,8. Verbs With a Participle as a Complement,Hebben en zijn met een vervangende infinitief,De kinderen leren op school zwemmen.,De kinderen hebben op school geleerd zwemmen.,uitgesloten,https://e-ans.ivdnt.org/topics/pid/ans1805020102lingtopic,ANS,4.75,2.363636364,2.386363636,-0.297082571756272,-0.227085459163296,-0.220606982265111,-0.1246205200604,-0.0810662932072499,-0.157625461291111,-0.270507346259224,-1.34031487802664,-0.612324360261367,-0.0795435851957231,-0.714214489573524,-0.153376095224061
60,8,werkwoordelijke_constituent,8. Verbs With a Participle as a Complement,Hebben en zijn met een vervangende infinitief,Hij zit te slapen.,Hij heeft gezeten te slapen.,uitgesloten,https://e-ans.ivdnt.org/topics/pid/ans1805020102lingtopic,ANS,5.1761363635,1.444444444,3.7316919194999993,0.698148477077484,0.353815504734123,-0.301119198638296,0.761288564640563,0.855855968606193,0.923862306402588,-0.472825152533394,-0.488279152247641,-2.11931484530983,-0.856494228636461,1.63509513735771,0.844581831975665
61,8,werkwoordelijke_constituent,8. Verbs With a Participle as a Complement,Hebben en zijn met een vervangende infinitief,Zijn broer gaat in Spanje wonen.,Zijn broer is in Spanje gegaan wonen.,uitgesloten,https://e-ans.ivdnt.org/topics/pid/ans1805020102lingtopic,ANS,6.9545454545,2.555555556,4.3989898985,0.328255710147676,0.0341386620517974,-0.125499581962469,0.126875982902545,0.601864604257571,0.220381244900636,-0.19756162431505,-0.551362542401661,1.03834279881024,0.52618618964528,0.893972252096448,0.261659193417429
62,8,werkwoordelijke_constituent,8. Verbs With a Participle as a Complement,Hebben en zijn met een vervangende infinitief,Dat hoefde ze niet te doen.,Dat had ze niet gehoeven doen.,uitgesloten,https://e-ans.ivdnt.org/topics/pid/ans1805020102lingtopic,ANS,6.090909091,2.111111111,3.97979798,1.65795388542825,0.592476074642036,0.928922937996686,1.405489520845,1.66518614683373,1.64792183734826,0.0162317805820038,0.53965585669291,1.17876710325813,0.532900896294964,1.142900247659,1.60846969342092
63,8,werkwoordelijke_constituent,8. Verbs With a Participle as a Complement,Hebben en zijn met een vervangende infinitief,We zagen de koningin voorbijkomen.,We hebben de koningin gezien voorbijkomen.,uitgesloten,https://e-ans.ivdnt.org/topics/pid/ans1805020102lingtopic,ANS,6.6944444445,1.818181818,4.8762626265,-0.184037832419078,0.0190383092715192,-1.59906953415619,-0.10007602397042,-0.114809277553104,0.0990754672471668,-0.0460805979641989,-1.06083220527931,0.24499911044801,0.74069116583301,0.773302116741736,0.0583481237457213
64,8,werkwoordelijke_constituent,8. Verbs With a Participle as a Complement,Hebben en zijn met een vervangende infinitief,Ze laten de bagage op het station staan.,Ze hebben de bagage op het station gelaten staan.,uitgesloten,https://e-ans.ivdnt.org/topics/pid/ans1805020102lingtopic,ANS,6.576388889,2.272727273,4.303661616,0.323423796229893,-0.254604716908994,-0.616264299548172,0.0479247584504869,0.0104526104204998,0.176494287774403,-0.101051648457846,-0.484461777127134,-0.059012122941529,0.166869623667674,1.10375625060664,0.193520916030614
65,7,werkwoordelijke_constituent,7. Group-Forming and Non-Group-Forming Uses of Verbs,Groepsvormend en niet-groepsvormend gebruik van werkwoorden,Hij wist dat hij zijn documenten moest organiseren.,Hij wist dat hij moest organiseren zijn documenten.,,,Manual,5.8535353535,1.375,4.4785353535,0.914549842476845,0.57687900352847,0.685550157694916,0.770415959015996,0.977144210307545,1.09149178034464,-0.0743400400335137,1.03122214848796,-0.0212706825404894,1.09311492360112,0.648131132125854,1.03937075261326
66,7,werkwoordelijke_constituent,7. Group-Forming and Non-Group-Forming Uses of Verbs,Groepsvormend en niet-groepsvormend gebruik van werkwoorden,Ze hoorde dat ze haar afspraak moest verzetten.,Ze hoorde dat ze moest verzetten haar afspraak.,,,Manual,6.707070707,1.25,5.457070707,2.07354675233364,0.798716758425144,0.99743093822326,0.787141544242759,0.767007512089014,1.09019327413732,0.121292547746139,0.855733082086468,-0.0452615145074491,1.03954105265439,1.35299481451511,1.0571469233837
67,7,werkwoordelijke_constituent,7. Group-Forming and Non-Group-Forming Uses of Verbs,Groepsvormend en niet-groepsvormend gebruik van werkwoorden,Hij realiseerde zich dat hij een fout had gemaakt.,Hij realiseerde zich dat hij had gemaakt een fout.,,,Manual,6.808080808,1.25,5.558080808,1.16309279617336,0.564025245377949,0.585977151190552,0.924414695043067,1.3279347309675,0.98947316558211,0.0576816399892159,0.615594419758194,0.115571862519853,0.408891592043801,0.969825992981593,0.948675814314681
68,8,werkwoordelijke_constituent,8. Verbs With a Participle as a Complement,Hebben en zijn met een vervangende infinitief,Peter is vanmiddag voetballen.,Peter is vanmiddag geweest voetballen.,uitgesloten,https://e-ans.ivdnt.org/topics/pid/ans1805020102lingtopic,ANS,4.878787879000001,1.5,3.3787878790000008,-0.434238934516907,-0.517828765224952,-0.882412519363257,-0.0579871438415691,-0.0955614121330242,0.161159726756027,-0.201625994273595,-2.31266708506478,-0.928485958201539,-1.56612634233066,-0.425686740875244,0.156965731241167
69,8,werkwoordelijke_constituent,8. Verbs With a Participle as a Complement,Hebben en zijn met een vervangende infinitief,Zijn broer wil in Spanje gaan wonen.,Zijn broer heeft altijd al in Spanje gewild gaan wonen.,uitgesloten,https://e-ans.ivdnt.org/topics/pid/ans1805020102lingtopic,ANS,6.8434343435,1.25,5.5934343435,0.177041012048721,-0.105390810965024,-0.212889056928897,0.353307073414308,0.274041959247298,-0.0868574480966688,0.094754490485558,-2.07387959284786,0.784533277027143,0.441754735553136,0.656605064017432,-0.0663864613610974
70,8,werkwoordelijke_constituent,8. Verbs With a Participle as a Complement,"Blijken , dunken , heten , lijken , schijnen , voorkomen",Geen wonder dat de wandelaars uitgehongerd bleken (te zijn).,Geen wonder dat de wandelaars bleken uitgehongerd (te zijn).,uitgesloten,https://e-ans.ivdnt.org/topics/pid/ans1805020301lingtopic,ANS,5.7525252525,2.375,3.3775252525,0.0884384930133821,0.0277669167973933,0.178867902865426,0.157236203698343,0.177558189882946,0.431372584248157,-0.0048668384552002,0.079695037973579,0.153497245518819,0.558913081385461,-0.306084019724618,0.464850136250453
71,9,werkwoordelijke_constituent,9. Verbs With an Infinitive as a Complement,Weglaatbaarheid van te bij infinitieven,Die jongens zitten de hele les te slapen.,Die jongens zitten de hele les slapen.,uitgesloten,https://e-ans.ivdnt.org/topics/pid/ans1805040102lingtopic,ANS,6.291666666499999,3.571428571,2.720238095499999,1.05247182079724,0.40604161696923,0.397148077427358,0.505890451305147,0.892138578092411,0.568375920346616,0.159325330907649,1.34993272077179,0.833978837270898,0.928754634659906,0.778904353933675,0.559084160490394
72,9,werkwoordelijke_constituent,9. Verbs With an Infinitive as a Complement,Weglaatbaarheid van te bij infinitieven,"Als je nu nog heel even blijft staan wachten, dan ga ik zo met je mee.","Als je nu nog heel even blijft staan te wachten, dan ga ik zo met je mee.",uitgesloten,https://e-ans.ivdnt.org/topics/pid/ans1805040102lingtopic,ANS,4.166666666499999,3.857142857,0.3095238094999994,0.0239122998870274,-0.118001807505005,-0.0945244028993497,-0.0550267008575611,-0.138754734628116,-0.0813332862174136,0.0736209801265186,-0.46663029319647,-0.473153540642843,-0.03770941812351,0.0291632947578928,-0.073139236512167
73,9,werkwoordelijke_constituent,9. Verbs With an Infinitive as a Complement,"Liggen , zitten , hangen (onovergankelijk), staan , lopen",Ton heeft de hele middag aan zijn bureau zitten (te) werken.,Ton heeft de hele middag gezeten aan zijn bureau (te) werken.,uitgesloten,https://e-ans.ivdnt.org/topics/pid/ans18050402lingtopic,ANS,6.104166666499999,1.285714286,4.818452380499999,0.308080801597008,-0.0289812335766677,-0.12991549357941,0.273555876602921,0.561570765458103,0.399484319027857,0.0859082726871261,0.178690974885184,-0.0252739205025136,0.008071247346165,0.295132279396057,0.383799677454303
74,9,werkwoordelijke_constituent,9. Verbs With an Infinitive as a Complement,"Liggen , zitten , hangen (onovergankelijk), staan , lopen",De appels hebben al een maand aan de boom hangen te rotten.,De appels hebben al een maand aan de boom te rotten gehangen.,uitgesloten,https://e-ans.ivdnt.org/topics/pid/ans18050402lingtopic,ANS,2.755952381,1.875,0.8809523810000002,0.477371195952097,-0.0499326104410054,-0.0435175905485505,0.0849556458801817,-0.0040247140885942,-0.0076427104175,0.0654571652412415,0.205463697885472,-0.434925224708273,-0.625575103538722,0.282740363707909,0.0139594230936515
75,9,werkwoordelijke_constituent,9. Verbs With an Infinitive as a Complement,Weglaatbaarheid van te bij infinitieven,Wim zit te slapen.,Wim zit slapen.,uitgesloten,https://e-ans.ivdnt.org/topics/pid/ans1805040102lingtopic,ANS,5.333333333500001,1.0,4.333333333500001,2.73451522986094,1.09632465319841,0.763756986707449,1.08863430186951,1.34256293014591,1.2899116320639,0.0774347895667677,1.72951952900205,0.360305474610666,3.15009789452666,1.83272089958191,1.24408570466848
76,9,werkwoordelijke_constituent,9. Verbs With an Infinitive as a Complement,Mogen,We geven u alvast enkel tips voor als u naar Corsica met vakantie mocht gaan.,We geven u alvast enkele tips voor mocht u naar Corsica met vakantie gaan.,uitgesloten,https://e-ans.ivdnt.org/topics/pid/ans180504040204lingtopic,ANS,2.922619048,3.25,-0.3273809520000004,-0.80569984081861,-0.15778061532394,-0.419276004667763,-0.600732768382133,-0.735494455497448,-0.490661451704581,-0.201637736538,-0.895751062192415,-0.94260125640375,-0.644497181057589,-0.280582845925043,-0.4892647618517
77,10,werkwoordelijke_constituent,10. The Order Within the Verb Ending Group,Eindgroepen met twee werkwoorden,Ze zag dat er een polítieauto kwam aangereden.,Ze zag dat er een polítieauto aangereden kwam.,,,ANS/Manual,4.5,4.571428571,-0.0714285710000002,0.454794818704778,0.300056904697647,0.455087001507099,0.15643878391711,-0.0024636549375998,0.127733150704785,-0.0574942316327771,0.808928870906431,-0.0844445937047049,0.0773761849772807,0.128841519355774,0.124581454734084
78,10,werkwoordelijke_constituent,10. The Order Within the Verb Ending Group,Eindgroepen met twee werkwoorden,Ik hoop dat we voor zo'n ramp gespaard blijven.,Ik hoop dat we voor zo'n ramp blijven gespaard.,,,ANS/Manual,4.604166666499999,3.285714286,1.3184523804999992,0.542330974882299,0.168520593353988,0.076512784893183,0.268136913073249,0.39956315109253,0.329710333923584,-0.110879761832102,1.14330470595659,0.232427840677701,0.379035802832992,0.518305664712733,0.375983895938993
79,10,werkwoordelijke_constituent,10. The Order Within the Verb Ending Group,Een infinitief zonder te,Hij zei dat hij het vliegtuig niet kon zien naderen.,Hij zei dat hij het vliegtuig niet naderen kon zien.,uitgesloten,https://e-ans.ivdnt.org/topics/pid/ans1805070401lingtopic,ANS,5.833333333500001,1.571428571,4.2619047625,1.22656933069229,0.717508213447505,0.866087565590677,0.805056194774806,1.29520383344559,1.11329436285029,-0.0903262358445378,1.72234113033794,0.276364743135249,1.20696546071066,1.53929900527,1.08570022216851
80,10,werkwoordelijke_constituent,10. The Order Within the Verb Ending Group,Een infinitief zonder te,Ik denk dat ze nog wel zullen komen eten.,Ik denk dat ze nog wel eten zullen komen.,uitgesloten,https://e-ans.ivdnt.org/topics/pid/ans1805070401lingtopic,ANS,5.8511904765,2.125,3.7261904765,1.3413008319007,0.367248529812059,0.416052831469642,0.771227013316093,1.10682343827239,0.994384071665081,0.0505509376525879,1.35645240685941,0.497274988486121,2.84565932834569,1.56050666173299,0.957617121963267
81,10,werkwoordelijke_constituent,10. The Order Within the Verb Ending Group,Een infinitief met te,Ik vraag me af wanneer híj nu eindelijk eens de was te drogen hangt.,Ik vraag me af wanneer híj nu eindelijk eens de was hangt te drogen.,uitgesloten,https://e-ans.ivdnt.org/topics/pid/ans1805070402lingtopic,ANS,5.452380952,1.5,3.952380952,0.0404027359826227,-0.118122783202964,-0.191466177885348,0.1787005122751,0.100336893741904,0.204713127248127,0.0771945150274966,0.165932564787605,0.330499292421155,0.165814253081885,-0.0645736285618375,0.190958518793599
82,10,werkwoordelijke_constituent,10. The Order Within the Verb Ending Group,Een infinitief met te,Hij zei dat hij met haar niets meer te maken wilde hebben.,Hij zei dat hij met haar niets meer wilde hebben te maken.,uitgesloten,https://e-ans.ivdnt.org/topics/pid/ans1805070402lingtopic,ANS,5.1964285715,1.125,4.0714285715,0.970935924599568,0.613970790895538,0.342371651650704,0.52889669523251,0.512519518205509,0.648149061762069,0.0328220367431644,0.437606581719592,0.0857327994053776,0.170545828827501,0.781173687428236,0.610488510363313
83,9,werkwoordelijke_constituent,9. Verbs With an Infinitive as a Complement,Moeten en hoeven in zinnen met een 'negatief element',Moet ik naar hem luisteren?,Hoef ik naar hem te luisteren?,uitgesloten,https://e-ans.ivdnt.org/topics/pid/ans180504040303lingtopic,ANS,7.0,1.916666667,5.083333333,0.843116606984819,0.244963116888215,0.28128879235333,0.648211517883465,0.705272493457925,0.456605460083403,-0.249755835533142,-0.176775492893325,0.559175852820735,0.958765147766099,1.30769337245396,0.466950350726499
84,9,werkwoordelijke_constituent,9. Verbs With an Infinitive as a Complement,"Helpen , leren",Die sportleraar heeft me leren roeien.,Die sportleraar heeft me geleerd te roeien.,uitgesloten,https://e-ans.ivdnt.org/topics/pid/ans18050413lingtopic,ANS,6.6607142855,5.833333333,0.8273809525000004,-0.322532787919044,-0.31014672510459,-0.555573757194604,0.170884775926594,-0.0163959650964678,0.25149934034034,-0.264006198536265,-1.3218898699252,-1.31329148186428,0.0983106489039276,-0.419323729617255,0.217307596516688
85,9,werkwoordelijke_constituent,9. Verbs With an Infinitive as a Complement,Hebben/krijgen met een infinitief zonder te,Ik zag dat hij zijn been op de stoel had liggen.,Ik zag dat hij had zijn been op de stoel liggen.,uitgesloten,https://e-ans.ivdnt.org/topics/pid/ans1805041401lingtopic,ANS,5.3839285715,1.333333333,4.050595238500001,0.633405782959678,0.216782268850753,0.29741834818075,0.822729045015876,1.44092508151516,0.984878123737872,-0.0419088772365033,0.117775801835316,0.126851403472635,0.23192381221036,0.453953634608876,0.957509162151837
86,10,werkwoordelijke_constituent,10. The Order Within the Verb Ending Group,Aan het + infinitief; voorzetsel + infinitief,Denk jij dat ze al aan het eten zijn?,Denk jij dat ze al zijn aan het eten?,uitgesloten,https://e-ans.ivdnt.org/topics/pid/ans1805070403lingtopic,ANS,6.5982142855,1.333333333,5.2648809525,0.63692099849383,0.342238284038523,0.432536090849541,0.733607407408551,0.83299937510254,0.601097273371684,0.0418523947397862,-0.082681402440917,0.274485860723265,0.0726491803967892,0.172921763526069,0.623903471466082
87,10,werkwoordelijke_constituent,10. The Order Within the Verb Ending Group,Aan het + infinitief; voorzetsel + infinitief,Maarten zei dat hij 's middags vaak uit wandelen ging.,Maarten zei dat hij 's middags vaak ging uit wandelen.,uitgesloten,https://e-ans.ivdnt.org/topics/pid/ans1805070403lingtopic,ANS,6.1964285715,1.833333333,4.363095238500001,0.0878848379308526,0.117150731902155,0.0347347865269212,0.210529208480795,0.249595249346991,0.301301795523614,-0.0911335263933459,-0.0647949586273171,0.116114091865408,0.269721855995678,-0.101459595290097,0.27729238315563
88,10,werkwoordelijke_constituent,10. The Order Within the Verb Ending Group,Aan het + infinitief; voorzetsel + infinitief,Ik denk dat die schuur nu wel op instorten moet staan.,Ik denk dat die schuur nu wel moet staan op instorten.,uitgesloten,https://e-ans.ivdnt.org/topics/pid/ans1805070403lingtopic,ANS,6.0,2.083333333,3.916666667,0.607696831903675,0.335526340083056,0.371399162980702,0.673062230671732,0.357188422470867,0.848925176848034,0.0877841949462876,0.769827202629919,0.475668203085661,0.306539991038984,0.625091899525035,0.80775390537134
